DRID,NAME,INFO,FLOOR,IMAGEURL,FLOORINFO
101,一锅鲜,特色铁锅炖菜，腌肉面，早餐供应油条油糕,1,https://wizzcampus.helloyzy.cn/guide101.png,海棠一楼
102,东方快车,菜品齐全的中式快餐，快捷美味两不误,1,https://wizzcampus.helloyzy.cn/guide102.png,海棠一楼
103,好粥道,可谓是海棠最全的饮品供应窗口，满足学生各种需求,1,https://wizzcampus.helloyzy.cn/guide103.png,海棠一楼
104,兴盛圆木桶饭,多种菜品木桶饭可供选择，炸鸡腿卤鸡腿俱全,1,https://wizzcampus.helloyzy.cn/guide104.png,海棠一楼
105,凉皮凉面,夏天到了，凉皮凉面是同学们快捷美味的绝佳选择,1,https://wizzcampus.helloyzy.cn/guide105.png,海棠一楼
106,初味柠檬鱼,不管是特色柠檬鱼还是金汤肥牛都是海棠一绝,1,https://wizzcampus.helloyzy.cn/guide106.png,海棠一楼
107,大碗卤肉饭,菜品较全，卤肉酱香可口，性价比较高,1,https://wizzcampus.helloyzy.cn/guide107.png,海棠一楼
108,天府快餐,中式快餐，方便快捷，种类多，搭配个性化,1,https://wizzcampus.helloyzy.cn/guide108.png,海棠一楼
109,天津小龙灌汤包,天津特色小吃，汤浓馅香，海棠推荐早点,1,https://wizzcampus.helloyzy.cn/guide109.png,海棠一楼
110,小二家骨汤冒菜,个性化的特色冒菜，骨汤入味，口感佳,1,https://wizzcampus.helloyzy.cn/guide110.png,海棠一楼
111,川味面馆,四川特色面食，汤面种类齐全，价格实惠,1,https://wizzcampus.helloyzy.cn/guide111.png,海棠一楼
112,川渝私房菜,囊括川渝地区特色炒菜，实惠而美味,1,https://wizzcampus.helloyzy.cn/guide112.png,海棠一楼
113,巧手奥尔良烤肉拌饭,具有特色的烤肉拌饭，搭配中式菜品，美味,1,https://wizzcampus.helloyzy.cn/guide113.png,海棠一楼
114,成氏快餐,早餐供应卷饼，实惠好吃，午餐供应中式快餐,1,https://wizzcampus.helloyzy.cn/guide114.png,海棠一楼
115,手工扯面削筋面,面种丰富，汤面拌面皆可，满足多种需求,1,https://wizzcampus.helloyzy.cn/guide115.png,海棠一楼
116,早点煎饺,中国北方地区特色传统小吃之一,1,https://wizzcampus.helloyzy.cn/guide116.png,海棠一楼
117,麻辣香锅,重庆美食，个性化搭配，多重辣度可选,1,https://wizzcampus.helloyzy.cn/guide117.png,海棠一楼
118,重庆鸡公煲,具有重庆特色的煲类饮食，大虾煲了解一下,1,https://wizzcampus.helloyzy.cn/guide118.png,海棠一楼
119,母鸡汤泡饼,营养美味，鸡汁鲜美，配合上泡饼，体验佳,1,https://wizzcampus.helloyzy.cn/guide119.png,海棠一楼
120,浙江风味桶饼,馅种齐全，可荤可素，是同学们早餐小食的不错选择,1,https://wizzcampus.helloyzy.cn/guide120.png,海棠一楼
121,湖南米粉,湖南特色美食，味道鲜美，煮食方便，一碗暖暖的,1,https://wizzcampus.helloyzy.cn/guide121.png,海棠一楼
122,烩菜干锅,具有特色的烩菜，干锅，免费米饭管饱哦,1,https://wizzcampus.helloyzy.cn/guide122.png,海棠一楼
123,粒粒香扒饭,种类齐全，荤菜居多，大盘鸡拌饭值得一试,1,https://wizzcampus.helloyzy.cn/guide123.png,海棠一楼
124,精品自选菜,物美价廉，经济实惠，更有特色豆腐脑供应,1,https://wizzcampus.helloyzy.cn/guide124.png,海棠一楼
125,绝地鸡黄焖鸡米饭,黄焖鸡米饭又叫香鸡煲，色香味美，汤香而味浓郁,1,https://wizzcampus.helloyzy.cn/guide125.png,海棠一楼
126,美味炒米饭炒面,黄焖鸡米饭又叫香鸡煲，色香味美，汤香而味浓郁,1,https://wizzcampus.helloyzy.cn/guide126.png,海棠一楼
127,营养快餐,中式快餐，菜品齐全，价格实惠，供应早餐豆浆,1,https://wizzcampus.helloyzy.cn/guide127.png,海棠一楼
128,蒙古烤肉饭铁板煎肉饭,荤素可搭，配合上蒙古特色烤肉，体验感优,1,https://wizzcampus.helloyzy.cn/guide128.png,海棠一楼
129,西安正宗腊汁肉夹馍,正宗西安肉夹馍，瘦肉五花肉样样具备，样样美味,1,https://wizzcampus.helloyzy.cn/guide129.png,海棠一楼
130,重庆小面手抓饼,重庆风味，地方小面，可谓亲民美食,1,https://wizzcampus.helloyzy.cn/guide130.png,海棠一楼
131,刀削面饸饹面,北方传统特色面食，味美价廉，面劲道有力,1,https://wizzcampus.helloyzy.cn/guide131.png,海棠一楼
132,锅巴饭,锅巴米饭饭香柔嫩，非常入味，爱吃锅巴饭的同学不要错过,1,https://wizzcampus.helloyzy.cn/guide132.png,海棠一楼
133,韩式铁板炒饭,现炒现卖，正宗铁板炒饭，口感佳价格优,1,https://wizzcampus.helloyzy.cn/guide133.png,海棠一楼
134,风味快餐,菜品齐全，经济实惠的七元套餐深受好评,1,https://wizzcampus.helloyzy.cn/guide134.png,海棠一楼
135,馒头包子,包子全天供应，只要肚子咕咕叫，来这儿准没错,1,https://wizzcampus.helloyzy.cn/guide135.png,海棠一楼
136,香辣脆皮炸鸡饭,口味多种可选，美味的脆皮炸鸡让你还想来,1,https://wizzcampus.helloyzy.cn/guide136.png,海棠一楼
137,鸡汤砂锅过桥米线,鸡汤砂锅，营养美味，色香俱全，暖身优选,1,https://wizzcampus.helloyzy.cn/guide137.png,海棠一楼
138,水饺麦香馅饼,馅饼种类多种供选择，水饺新鲜可口,1,https://wizzcampus.helloyzy.cn/guide138.png,海棠一楼
139,黄焖鸡米饭,各种黄焖饭，鸡汤方便面，总有一款适合你,1,https://wizzcampus.helloyzy.cn/guide139.png,海棠一楼
140,乾州寸筋面,筋面劲道有嚼劲，口感上乘，三合一肉臊子等无限美食,2,https://wizzcampus.helloyzy.cn/guide140.png,海棠二楼
141,千粒香铁板炒饭,粒粒炒饭皆香，根根炒面皆鲜,2,https://wizzcampus.helloyzy.cn/guide141.png,海棠二楼
142,南泽四季田园,粒粒炒饭皆香，根根炒面皆鲜,2,https://wizzcampus.helloyzy.cn/guide142.png,海棠二楼
143,咖喱巴巴,经典咖喱套餐，色鲜味俱全，更有便宜实惠的惠香鸡排,2,https://wizzcampus.helloyzy.cn/guide143.png,海棠二楼
144,品品香麻辣干锅,个性化菜品，麻辣鲜香的干锅，体验佳,2,https://wizzcampus.helloyzy.cn/guide144.png,海棠二楼
145,川陕精品小炒,食材新鲜，让你享受到新鲜出炉的美食,2,https://wizzcampus.helloyzy.cn/guide145.png,海棠二楼
146,川香冒菜,价格实惠，服务态度好，口感不错，有独特的味道,2,https://wizzcampus.helloyzy.cn/guide146.png,海棠二楼
147,川香小炒,超正宗川菜，样式多，味道鲜，在这里感受四川的味道,2,https://wizzcampus.helloyzy.cn/guide147.png,海棠二楼
148,过桥米线,味道鲜美，种类颇多，经济实惠，米线口感较好,2,https://wizzcampus.helloyzy.cn/guide148.png,海棠二楼
149,成都老面馆,干拌面，牛肉面等口味极佳的面食，价格实惠,2,https://wizzcampus.helloyzy.cn/guide149.png,海棠二楼
150,景娘煮馍,火腿,培根等多种方式搭配，总有一种适合你,2,https://wizzcampus.helloyzy.cn/guide150.png,海棠二楼
151,景娘酸菜鱼,火腿,培根等多种方式搭配，总有一种适合你,2,https://wizzcampus.helloyzy.cn/guide151.png,海棠二楼
152,桂林米粉白云居饺子,好吃不过饺子，那好评就不过白云居了,2,https://wizzcampus.helloyzy.cn/guide152.png,海棠二楼
153,湖南小碗菜,正宗湖南小碗菜，饭多，菜多，品种多，不容错过,2,https://wizzcampus.helloyzy.cn/guide153.png,海棠二楼
154,烤鸭饭,价格实惠的套餐与诱人心弦的咖喱，不容错过,2,https://wizzcampus.helloyzy.cn/guide154.png,海棠二楼
155,犀米家,速度快，味道美，性价比高的优质窗口,2,https://wizzcampus.helloyzy.cn/guide155.png,海棠二楼
156,瓦香鸡米饭,服务贴心，价格公道，食材新鲜，汤味佳,2,https://wizzcampus.helloyzy.cn/guide156.png,海棠二楼
157,福乐士西式铁板饭锡纸饭,样式多而不失好口感的锡纸饭值得你的选择,2,https://wizzcampus.helloyzy.cn/guide157.png,海棠二楼
158,自选餐,荤素甜点，样式齐全，价格实惠，味道鲜美,2,https://wizzcampus.helloyzy.cn/guide158.png,海棠二楼
159,芝士焗饭,鸡腿，鸡排等多种焗饭供你挑选，价格公道，味道鲜美,2,https://wizzcampus.helloyzy.cn/guide159.png,海棠二楼
160,铁板鸡肉饭,土豆片，鱿鱼等荤素搭配，免费自取饮料一杯，超值超实惠,2,https://wizzcampus.helloyzy.cn/guide160.png,海棠二楼
161,陕西焖肉饭,在这个地界，少侠你怎么能少得了一碗正宗的陕南焖肉饭,2,https://wizzcampus.helloyzy.cn/guide161.png,海棠二楼
162,鱻谷鱼粉,荤素搭配，更有不同辣度体验，价格实惠，食材新鲜,2,https://wizzcampus.helloyzy.cn/guide162.png,海棠二楼
163,江西瓦罐汤,不用去江西也能感受到美味的江西特色,2,https://wizzcampus.helloyzy.cn/guide163.png,海棠二楼
164,黄焖鸡米饭,让你在冬天里暖胃，夏天里解乏,2,https://wizzcampus.helloyzy.cn/guide164.png,海棠二楼
165,黑旦烤肉饭,培根饭，鸡腿套餐，还能外加三个小菜,2,https://wizzcampus.helloyzy.cn/guide165.png,海棠二楼
166,鼎兰香牛肉拉面,劲道拉面，味香盖饭，品式齐全，价格实惠,2,https://wizzcampus.helloyzy.cn/guide166.png,海棠二楼
201,兰州牛肉拉面,肉烂汤鲜、面质精细，味美可口，经济实惠,3,https://wizzcampus.helloyzy.cn/guide201.png,竹园三楼
202,新疆风味,具清真菜特性，又具有中国西北菜系味重香浓的烹饪特点,3,https://wizzcampus.helloyzy.cn/guide202.png,竹园三楼
203,盖浇饭,饭菜结合，食用方便，既有主食米饭，又有美味菜肴,3,https://wizzcampus.helloyzy.cn/guide203.png,竹园三楼
204,羊肉泡馍,烹制精细，料重味醇，肉烂汤浓，肥而不腻，营养丰富,3,https://wizzcampus.helloyzy.cn/guide204.png,竹园三楼
205,自选快餐,事先成批制作好的饭菜，即到即吃,3,https://wizzcampus.helloyzy.cn/guide205.png,竹园三楼
206,营养早餐,种类丰富，价格适中，营养健康,3,https://wizzcampus.helloyzy.cn/guide206.png,竹园三楼
301,老台门包子,包子种类多样，味道很好,1,https://wizzcampus.helloyzy.cn/guide301.png,丁香一楼
302,现磨五谷,豆饮种类繁多，营养丰富,1,https://wizzcampus.helloyzy.cn/guide302.png,丁香一楼
303,营养快餐,菜品繁多，任选一荤三菜八元,1,https://wizzcampus.helloyzy.cn/guide303.png,丁香一楼
304,五谷粥,窗口众多，满足不同人群的需求,1,https://wizzcampus.helloyzy.cn/guide304.png,丁香一楼
305,麦香馅饼,价格实惠，味道不错,1,https://wizzcampus.helloyzy.cn/guide305.png,丁香一楼
306,秦氏营养快餐,属特色胡辣汤与油条，价格适中,1,https://wizzcampus.helloyzy.cn/guide306.png,丁香一楼
307,川味小炒,菜品众多，味道不错，有丰富的选择余地,1,https://wizzcampus.helloyzy.cn/guide307.png,丁香一楼
308,山西花样饼,便宜又好吃，种类丰富,1,https://wizzcampus.helloyzy.cn/guide308.png,丁香一楼
309,麻辣香锅,菜品新鲜，价格适中，选择空间丰富,1,https://wizzcampus.helloyzy.cn/guide309.png,丁香一楼
310,特色风味川菜,菜品价格实惠，有地方特色，味道也很不错,1,https://wizzcampus.helloyzy.cn/guide310.png,丁香一楼
311,精选快餐,价格十分便宜，是吃土人士的良好选择,1,https://wizzcampus.helloyzy.cn/guide311.png,丁香一楼
312,高汤米线,主打米线，高汤精心熬制，口味独特,1,https://wizzcampus.helloyzy.cn/guide312.png,丁香一楼
313,川香砂锅,主营砂锅，可自己选择口味,1,https://wizzcampus.helloyzy.cn/guide313.png,丁香一楼
314,营养早餐,一律五元的价格是一大特色,1,https://wizzcampus.helloyzy.cn/guide314.png,丁香一楼
315,川椒大叔冒菜,鸡蛋灌饼，冒菜菜品全，价格适中,1,https://wizzcampus.helloyzy.cn/guide315.png,丁香一楼
316,黄焖鸡米饭,独具风味，口味独特,1,https://wizzcampus.helloyzy.cn/guide316.png,丁香一楼
317,湘黑鸭米饭,以各色肉食为主的快餐窗口，兼有素食,1,https://wizzcampus.helloyzy.cn/guide317.png,丁香一楼
318,坛子山珍烩,风味小吃，野香令人回味无穷,1,https://wizzcampus.helloyzy.cn/guide318.png,丁香一楼
319,锡纸饭,浓汤熬制，健康新鲜,1,https://wizzcampus.helloyzy.cn/guide319.png,丁香一楼
320,川香小炒,四川风味炒菜，顺应您的心意，满足您的胃口,1,https://wizzcampus.helloyzy.cn/guide320.png,丁香一楼
321,九阳原味豆浆,九阳原磨豆浆，原汁原味才更好,1,https://wizzcampus.helloyzy.cn/guide321.png,丁香一楼
322,西安正宗腊汁肉夹馍,西安本地特色腊汁肉夹馍，好吃不贵，不二之选,1,https://wizzcampus.helloyzy.cn/guide322.png,丁香一楼
323,重庆担担面,重庆特色担担面，风味独特，味道正宗,1,https://wizzcampus.helloyzy.cn/guide323.png,丁香一楼
324,凉面炒饭,凉面炒饭任你选，制作快捷，适应当今快节奏的生活,1,https://wizzcampus.helloyzy.cn/guide324.png,丁香一楼
325,碗装套餐,不同的菜系供您选择，不同的美味一起享用,1,https://wizzcampus.helloyzy.cn/guide325.png,丁香一楼
326,梁记正宗重庆酸辣粉,重庆酸辣粉，带你领略独到美味的酸辣粉,1,https://wizzcampus.helloyzy.cn/guide326.png,丁香一楼
327,桂林米粉,不论是米粉还是意面，都会让你感受到桂林美食的魅力,1,https://wizzcampus.helloyzy.cn/guide327.png,丁香一楼
328,炸鸡饭,各种风味炸鸡饭、煎饼、水饺任你选，总有一款适合你,1,https://wizzcampus.helloyzy.cn/guide328.png,丁香一楼
329,加州牛肉面,加州特色牛肉面，美味又实惠,1,https://wizzcampus.helloyzy.cn/guide329.png,丁香一楼
330,陕西裤带面凉皮,裤带面、凉皮，身在西安的你可不要错过,1,https://wizzcampus.helloyzy.cn/guide330.png,丁香一楼
331,秘制木桶饭,各种风味木桶饭任选，地域特色突出,1,https://wizzcampus.helloyzy.cn/guide331.png,丁香一楼
332,铁板特色炒米,铁板特色炒米饭，多重口味任你选,1,https://wizzcampus.helloyzy.cn/guide332.png,丁香一楼
333,广东肠粉豆丁酸菜鱼,爱吃鱼的你一定要来试试，肠粉也很不错哦,1,https://wizzcampus.helloyzy.cn/guide333.png,丁香一楼
334,西府香刀削面,包含多种特色面食，味美价廉,2,https://wizzcampus.helloyzy.cn/guide334.png,丁香二楼
335,瓦香鸡米饭,瓦香诱人，样式众多，风味独特的快餐,2,https://wizzcampus.helloyzy.cn/guide335.png,丁香二楼
336,美滋滋凉皮,极具西安特色的凉皮肉夹馍，味道正宗,2,https://wizzcampus.helloyzy.cn/guide336.png,丁香二楼
337,手工拉条子,多种面食，价格适中，美味可口,2,https://wizzcampus.helloyzy.cn/guide337.png,丁香二楼
338,精品川菜,精美可口的特色川菜，味道正宗价格不贵,2,https://wizzcampus.helloyzy.cn/guide338.png,丁香二楼
339,麻辣香锅,香辣可口的菜品，荤素自搭，全凭喜好,2,https://wizzcampus.helloyzy.cn/guide339.png,丁香二楼
340,金马鸡汤刀削面,营养可口的鸡汤面馆，美味营养又实惠,2,https://wizzcampus.helloyzy.cn/guide340.png,丁香二楼
341,胖胖烤肉饭,美味多样，质量保证，选择丰富,2,https://wizzcampus.helloyzy.cn/guide341.png,丁香二楼
342,台式鸡排饭,不出校门就能品尝到的台湾美食,2,https://wizzcampus.helloyzy.cn/guide342.png,丁香二楼
343,川味锅巴饭,具有地方风味的锅巴饭，荤素搭配,2,https://wizzcampus.helloyzy.cn/guide343.png,丁香二楼
344,饺子蘸水面,传统美食，保质保量，价格实惠,2,https://wizzcampus.helloyzy.cn/guide344.png,丁香二楼
345,香辣脆皮炸鸡饭,炸鸡酥脆的口感令人回味,2,https://wizzcampus.helloyzy.cn/guide345.png,丁香二楼
346,台式卤肉饭,台湾当地风味，领略台式风情,2,https://wizzcampus.helloyzy.cn/guide346.png,丁香二楼
347,沸腾鱼乡,沸腾的热浪刺激你的味蕾，令人食欲大开,2,https://wizzcampus.helloyzy.cn/guide347.png,丁香二楼
348,湖南蒸菜,湖南风味，酸甜苦辣多种多样,2,https://wizzcampus.helloyzy.cn/guide348.png,丁香二楼
349,黄焖鸡米饭,黄焖令菜品与汁液水乳交融，十分诱人,2,https://wizzcampus.helloyzy.cn/guide349.png,丁香二楼
350,福乐西式咖喱鸡排米饭,诱人的咖喱配上酥脆的鸡排，令人垂涎,2,https://wizzcampus.helloyzy.cn/guide350.png,丁香二楼
351,西岐天香四棱子面,西岐特色的汤面，健康绿色的菠菜面,2,https://wizzcampus.helloyzy.cn/guide351.png,丁香二楼
352,兰州伊味香牛肉拉面,清真特色面食，感受异域风味,2,https://wizzcampus.helloyzy.cn/guide352.png,丁香二楼
353,金丝饼肉饼,经济实惠，易携带，易保存，味道好,2,https://wizzcampus.helloyzy.cn/guide353.png,丁香二楼
354,鸡公煲鸡汤泡饼,公煲种类丰富，配有鸡汤泡饼，美味可口,2,https://wizzcampus.helloyzy.cn/guide354.png,丁香二楼
355,华夫饼卤肉卷,适合在清晨作为早餐，携带方便,2,https://wizzcampus.helloyzy.cn/guide355.png,丁香二楼
356,过桥米线,种类丰富的云南经典吃食，口感顺滑,2,https://wizzcampus.helloyzy.cn/guide356.png,丁香二楼
357,砂锅凉皮肉夹馍,搭配丰富，有多种口味可供挑选,2,https://wizzcampus.helloyzy.cn/guide357.png,丁香二楼
358,螺狮粉湖南米粉,舌尖上的中国推荐美食螺蛳粉,2,https://wizzcampus.helloyzy.cn/guide358.png,丁香二楼
359,铁板炒米饭米粉,口感独特的炒米饭、炒米粉,2,https://wizzcampus.helloyzy.cn/guide359.png,丁香二楼
360,老汤米线,大分量的老汤米线，妈妈再也不用担心我吃面吃不饱了,2,https://wizzcampus.helloyzy.cn/guide360.png,丁香二楼
361,野生菌煮馍,陕西本地特色煮馍，价格实惠，选择多样,2,https://wizzcampus.helloyzy.cn/guide361.png,丁香二楼
362,小四川冒菜,一家价格实惠的冒菜窗口，品种丰富,2,https://wizzcampus.helloyzy.cn/guide362.png,丁香二楼
363,自助餐,煎炸炖煮蒸炒煲，自助餐厅里都有,3,https://wizzcampus.helloyzy.cn/guide363.png,丁香三楼
364,自助小火锅,新概念火锅健康美味，红火的日子更有味,3,https://wizzcampus.helloyzy.cn/guide364.png,丁香三楼
365,特色手工拉条子,炸酱油泼蘸水面，西红柿鸡蛋肉拌面,3,https://wizzcampus.helloyzy.cn/guide365.png,丁香三楼
366,煮馍,汤鲜味浓，馍筋肉香,3,https://wizzcampus.helloyzy.cn/guide366.png,丁香三楼
367,东北水饺,皮儿薄馅儿多，东北大饺子,3,https://wizzcampus.helloyzy.cn/guide367.png,丁香三楼
368,正宗秦镇凉皮,一碗秦镇凉皮，延续千年文明,3,https://wizzcampus.helloyzy.cn/guide368.png,丁香三楼
369,麻辣香锅,荤素菌丸鲜，麻辣香锅见,3,https://wizzcampus.helloyzy.cn/guide369.png,丁香三楼
370,特色手工面,弹性十足的手工面遇上丰富精美的菜品,3,https://wizzcampus.helloyzy.cn/guide370.png,丁香三楼
371,各色炒菜,种类丰富，菜品极好，宴会聚餐之首选,3,https://wizzcampus.helloyzy.cn/guide371.png,丁香三楼
372,成都老面馆,卤肉面，香猪脚面，牛腩面，面面俱到,3,https://wizzcampus.helloyzy.cn/guide372.png,丁香三楼
401,重庆鸡公煲,鸡公煲 香锅，人气很旺,2,https://wizzcampus.helloyzy.cn/guide401.png,老综二楼
402,大碗卤肉饭,特色是卤肉饭，环境整洁,2,https://wizzcampus.helloyzy.cn/guide402.png,老综二楼
403,百碗香,特色是排骨米饭，锡纸饭,2,https://wizzcampus.helloyzy.cn/guide403.png,老综二楼
404,菜饭骨头汤,特色菜有 口水鸡 牛肉面 浓汁鸡煲饭 淮南牛肉汤,2,https://wizzcampus.helloyzy.cn/guide404.png,老综二楼
405,捞起渔生,有鱼有菜，鱼米鲜香,2,https://wizzcampus.helloyzy.cn/guide405.png,老综二楼
406,TOM电台,很有氛围的一家店,2,https://wizzcampus.helloyzy.cn/guide406.png,老综二楼
407,刘二姐川菜,主营炒菜	米饭 盖浇饭，人气很旺,2,https://wizzcampus.helloyzy.cn/guide407.png,老综二楼
408,京都肉饼王,特色是 凉皮 米线	八宝粥 丸子汤 酱肘子 饼,2,https://wizzcampus.helloyzy.cn/guide408.png,老综二楼
409,苏焱记旋转小火锅,老板态度很好，灯光效果不错,2,https://wizzcampus.helloyzy.cn/guide409.png,老综二楼
410,川锦汇麻辣拌,介于麻辣烫和香锅之间的一种食物,2,https://wizzcampus.helloyzy.cn/guide410.png,老综二楼
411,食光若客,有广式风格,2,https://wizzcampus.helloyzy.cn/guide411.png,老综二楼
412,杨铭宇黄焖鸡米饭,一直以来人气好高的一家老店,2,https://wizzcampus.helloyzy.cn/guide412.png,老综二楼
413,膳当家黄焖鸡米饭,黄焖鸡和排骨是招牌菜,2,https://wizzcampus.helloyzy.cn/guide413.png,老综二楼
414,潼关村肉夹馍,环境整洁，有本地特色小吃,2,https://wizzcampus.helloyzy.cn/guide414.png,老综二楼
415,荷叶包饭,角落里的一家店，很有特色,2,https://wizzcampus.helloyzy.cn/guide415.png,老综二楼
416,花园主题咖啡,学长开的咖啡馆，环境舒适,2,https://wizzcampus.helloyzy.cn/guide416.png,老综二楼
417,香八度,闻着香，味道一般，价格略贵,1,https://wizzcampus.helloyzy.cn/guide417.png,老综一楼
418,南山烤吧,很久不营业了,1,https://wizzcampus.helloyzy.cn/guide418.png,老综一楼
419,高陵土豆片夹馍，不止有土豆片夹馍,1,https://wizzcampus.helloyzy.cn/guide419.png,老综一楼
420,牧小茶,老店，种类齐全,1,https://wizzcampus.helloyzy.cn/guide420.png,老综一楼
421,木子铁,有快餐和紫菜包饭,1,https://wizzcampus.helloyzy.cn/guide421.png,老综一楼
422,老熊家卤肉卷,少有的几家卤肉卷，不只是卖卤肉卷,1,https://wizzcampus.helloyzy.cn/guide422.png,老综一楼
423,味咖牛扒,米很好，菜很好吃，但是种类单一,1,https://wizzcampus.helloyzy.cn/guide423.png,老综一楼
424,重庆酸辣粉,喜欢酸辣口味的可以来这里,1,https://wizzcampus.helloyzy.cn/guide424.png,老综一楼
425,五一大包,花样很多，而且都很好吃,1,https://wizzcampus.helloyzy.cn/guide425.png,老综一楼
426,铁板里脊夹馍,适合早饭晚饭吃，买完即走，边走边吃,1,https://wizzcampus.helloyzy.cn/guide426.png,老综一楼
427,慕斯客,饮品店，有奶茶和咖啡,1,https://wizzcampus.helloyzy.cn/guide427.png,老综一楼
428,小恩的店,品类齐全，值得一逛,1,https://wizzcampus.helloyzy.cn/guide428.png,老综一楼
429,烤冷面,味道感人，买的人非常多,1,https://wizzcampus.helloyzy.cn/guide429.png,老综一楼
430,自选餐,有自选菜和鸡蛋灌饼，中午排队的人很多,1,https://wizzcampus.helloyzy.cn/guide430.png,老综一楼
431,第一佳鸡排,装修很有特色，鸡排好吃,1,https://wizzcampus.helloyzy.cn/guide431.png,老综一楼
432,汉堡,老综的一家汉堡店,1,https://wizzcampus.helloyzy.cn/guide432.png,老综一楼
433,湖南粉面馆,湖南特色，粉面正宗,1,https://wizzcampus.helloyzy.cn/guide433.png,老综一楼
434,再回首御品香,特色煲仔饭，炒米炒面,1,https://wizzcampus.helloyzy.cn/guide434.png,老综一楼
435,张姐脆皮鸡东北菜,东北菜，东北的同学可以去试试,1,https://wizzcampus.helloyzy.cn/guide435.png,老综一楼
436,五谷酸菜鱼米线,老综的一家酸菜鱼店,1,https://wizzcampus.helloyzy.cn/guide436.png,老综一楼
437,冒菜鲜冒菜,冒菜小店，品类不是很多，但大众菜品都有,1,https://wizzcampus.helloyzy.cn/guide437.png,老综一楼
438,蒋记腊汁肉夹馍,一些本地小吃，凉皮肉夹馍,1,https://wizzcampus.helloyzy.cn/guide438.png,老综一楼
439,港式叉烧饭,特色叉烧饭，值得体验,1,https://wizzcampus.helloyzy.cn/guide439.png,老综一楼
440,三顾冒菜,很大很全的一家店，学校里最好的冒菜店,1,https://wizzcampus.helloyzy.cn/guide440.png,老综一楼
441,干锅煎肉饭,口味繁多，量大味浓,1,https://wizzcampus.helloyzy.cn/guide441.png,老综一楼
442,麻辣面对面,重庆小面招牌的面馆，老板是四川人,1,https://wizzcampus.helloyzy.cn/guide442.png,老综一楼
443,老四川小炒,主打川菜的饭馆，聚会可以来这里,1,https://wizzcampus.helloyzy.cn/guide443.png,老综一楼
444,冒菜说,很有氛围的一家冒菜店,1,https://wizzcampus.helloyzy.cn/guide444.png,老综一楼
445,阿迪莱美食坊,清真，回族 风味,1,https://wizzcampus.helloyzy.cn/guide445.png,老综一楼
446,铜锅居私房菜,主打宁夏特色菜,1,https://wizzcampus.helloyzy.cn/guide446.png,老综一楼
447,阿嘻串串香,主打串串香，麻辣鲜香,1,https://wizzcampus.helloyzy.cn/guide447.png,老综一楼
448,老潼关肉夹馍,主打西安特色小吃肉夹馍,1,https://wizzcampus.helloyzy.cn/guide448.png,老综一楼
449,杨国福麻辣烫,起源四川的特色小吃，杨国福全国连锁店,1,https://wizzcampus.helloyzy.cn/guide449.png,老综一楼
450,老司机烤肉,深夜的排场，聚会聚集地,1,https://wizzcampus.helloyzy.cn/guide450.png,老综一楼
451,茶小美,茶类饮品主打的店铺,1,https://wizzcampus.helloyzy.cn/guide451.png,老综一楼
452,韩国料理,包括韩式火锅、盖饭及石锅拌饭的韩式料理,1,https://wizzcampus.helloyzy.cn/guide452.png,老综一楼
453,书亦烧仙草,烧仙草为招牌的饮品店,1,https://wizzcampus.helloyzy.cn/guide453.png,老综一楼
454,029餐厅,快餐，包括小炒、面食、盖浇饭等,1,https://wizzcampus.helloyzy.cn/guide454.png,老综一楼
455,川香缘小火锅,自选菜品类型的小火锅,1,https://wizzcampus.helloyzy.cn/guide455.png,老综一楼
501,港式叉烧饭,服务很好，热情周到，饭菜可口，速度很快,1,https://wizzcampus.helloyzy.cn/guide501.png,新综一楼
502,吃货站,经营铁板鸭肠、肉串、木桶饼、烤冷面、酸辣粉,1,https://wizzcampus.helloyzy.cn/guide502.png,新综一楼
503,哎呀台湾饭团,特色饭团，小丸子，寿司，欢迎同学前来品尝,1,https://wizzcampus.helloyzy.cn/guide503.png,新综一楼
504,西电小厨美味餐厅,各色炒菜盖浇饭，出售各类饮品饮料,1,https://wizzcampus.helloyzy.cn/guide504.png,新综一楼
505,吉品轩餐厅,快餐味道很好，而且价格实惠，米饭比别家好吃,1,https://wizzcampus.helloyzy.cn/guide505.png,新综一楼
506,麦多馅饼,分量足，味道好，新鲜现烤，很多回头客,1,https://wizzcampus.helloyzy.cn/guide506.png,新综一楼
507,安仔包,包子种类齐全，馅料足，价格实惠，还有各式米粥豆浆可以搭配,1,https://wizzcampus.helloyzy.cn/guide507.png,新综一楼
508,蜜雪冰城,炎炎夏日有多种冷饮随心配，鲜榨果汁供您选,1,https://wizzcampus.helloyzy.cn/guide508.png,新综一楼
509,六婆串串香,火锅串串，按签计费，体验不一样的火锅冒菜,1,https://wizzcampus.helloyzy.cn/guide509.png,新综一楼
510,咻一咻,出售各种冷饮热饮，炎炎夏日或寒冷冬季，享你所想,1,https://wizzcampus.helloyzy.cn/guide510.png,新综一楼
511,正新鸡排,特色超大鸡排、无骨鸡排，还有鸭肉串等供您选择,1,https://wizzcampus.helloyzy.cn/guide511.png,新综一楼
512,益禾堂,口感好，活动多，具有特色的招牌奶茶店,1,https://wizzcampus.helloyzy.cn/guide512.png,新综一楼
513,茶和咖啡,经营茶品和咖啡，一家比较文艺的店,1,https://wizzcampus.helloyzy.cn/guide513.png,新综一楼
514,迈德思客,广受好评的快餐店，通过送外卖方便大家,1,https://wizzcampus.helloyzy.cn/guide514.png,新综一楼
515,韩国风味,主要经营韩餐，包饭，年糕之类，给你独特的韩国风味,1,https://wizzcampus.helloyzy.cn/guide515.png,新综一楼
516,韩佳奇麻辣烫,美味可口，环境温馨优美，老板热情周到,1,https://wizzcampus.helloyzy.cn/guide516.png,新综一楼
517,多味居,服务很好，热情周到，饭菜可口，速度很快,1,https://wizzcampus.helloyzy.cn/guide517.png,新综一楼
518,沙县小吃,特色地方小吃，另推出黄焖鸡米饭，黄焖排骨米饭等，欢迎同学品尝,1,https://wizzcampus.helloyzy.cn/guide518.png,新综一楼
519,有家冒菜,冒菜香锅，为您提供不一样的味觉体验,1,https://wizzcampus.helloyzy.cn/guide519.png,新综一楼
520,小四川,原北门小四川饭店，地道川菜，周到服务，欢迎同学品尝,1,https://wizzcampus.helloyzy.cn/guide520.png,新综一楼
521,百香汇美食广场,西电最大的美食广场,1,https://wizzcampus.helloyzy.cn/guide521.png,新综一楼
522,金芙蓉餐饮,特色档口牛扒饭 各式盖浇饭 米线粉丝应有尽有,1,https://wizzcampus.helloyzy.cn/guide522.png,新综一楼
523,安仔包,包子种类齐全，馅料足，价格实惠，还有各式米粥豆浆可以搭配,1,https://wizzcampus.helloyzy.cn/guide523.png,新综一楼
524,柠檬工坊,量足环境好，特别好喝，价格公道,1,https://wizzcampus.helloyzy.cn/guide524.png,新综一楼
525,香港风情,出售芝士拉丝热狗棒，香港风情奶茶小吃,1,https://wizzcampus.helloyzy.cn/guide525.png,新综一楼
526,优麦甜心,出餐快，饭菜美味可口，做出妈妈的味道,1,https://wizzcampus.helloyzy.cn/guide526.png,新综一楼
527,哎呦喂酸辣粉,酸辣粉店，也卖其它小吃,1,https://wizzcampus.helloyzy.cn/guide527.png,新综一楼
528,爱辣啵啵鱼,各种口味，老少咸宜，不时地推出优惠活动,1,https://wizzcampus.helloyzy.cn/guide528.png,新综一楼
529,百家姓水果超市,水果新鲜，品种丰富多样,1,https://wizzcampus.helloyzy.cn/guide529.png,新综一楼
530,西点印象烧烤,露天烧烤，风景别致,1,https://wizzcampus.helloyzy.cn/guide530.png,新综一楼
531,茂记牛排,环境干净卫生，为顾客提供无限量自助水果沙拉,1,https://wizzcampus.helloyzy.cn/guide531.png,新综一楼
532,酱香炸豆腐,经营特色小吃酱香炸豆腐,1,https://wizzcampus.helloyzy.cn/guide532.png,新综一楼
533,麦克风,主要经营手工茶，花茶，高颜值产品,1,https://wizzcampus.helloyzy.cn/guide533.png,新综一楼
534,麦多馅饼,分量足，味道好，新鲜现烤，很多回头客,1,https://wizzcampus.helloyzy.cn/guide534.png,新综一楼
535,毛月湘菜,特色小炒，盖浇饭 ，以湘菜美食为主,2,https://wizzcampus.helloyzy.cn/guide535.png,新综二楼
536,蘑菇爱上饭,味道好，就餐环境好，夏天冷气开放,2,https://wizzcampus.helloyzy.cn/guide536.png,新综二楼
537,旋转小火锅,自助旋转小火锅，每人独立锅底，可调节火力,2,https://wizzcampus.helloyzy.cn/guide537.png,新综二楼
